horizon,seconds_ahead,coefficient_a,intercept_b
1,5,0.6513745486633157,-0.5366799603665041
2,10,0.7725436496079553,-0.567473730335391
3,15,0.8750924926928008,-0.602268023544272
4,20,0.9849951331955075,-0.6406636409726684
5,25,1.1088641136898858,-0.6834852179848991
6,30,1.2997861414728369,-0.742800859096245
7,35,1.505483240791323,-0.8077661866951745
8,40,1.6492528362554926,-0.8592473270121729
9,45,1.7859418571944863,-0.910134306310169
10,50,1.975699522337206,-0.9764611247746747
11,55,2.113522599697041,-1.0309041098243064
12,60,2.2343009403936165,-1.0821586455850052
